Workbook

Sheet Capa
A1: EXERCÍCIO 5 — QUALIDADE DE DADOS
A2: Base fictícia para análise de acurácia, duplicidade e consistência no Excel, CSV e Orange
A4: RESUMO DOS TESTES
A5: Registros totais | C5: Clientes únicos | E5: Duplicidades extras | G5: Divergências de acurácia
A6: =ROWS(tbClientes[Cliente_ID]) -> 105 | C6: {=SUMPRODUCT(1/COUNTIF(tbClientes[Documento],tbClientes[Documento]))} -> 100 | E6: =B6-D6 -> 0 | G6: =COUNTIF(tbClientes[Flag_Acuracia],"Divergente") -> 6
A8: Inconsistências | C8: Registros verificados | E8: Linhas marcadas duplicadas | G8: Data de corte
A9: =COUNTIF(tbClientes[Flag_Consistencia],"Inconsistente") -> 5 | C9: =COUNTIF(tbClientes[Flag_Acuracia],"<>Não verificado") -> 12 | E9: =COUNTIF(tbClientes[Flag_Duplicidade],"Duplicado") -> 10 | G9: 46259
A11: LEITURA RÁPIDA
A12: A base contém 100 clientes únicos e cinco registros copiados, totalizando 105 linhas. Seis clientes têm Estado divergente em relação à Fonte de Referência. Cinco clientes apresentam incompatibilidade entre idade informada e data de nascimento. As colunas de diagnóstico permitem filtrar cada problema antes da exploração no Orange.
A16: CONTEÚDO
A17: Base Clientes | C17: 105 registros, incluindo cinco cópias e três flags calculadas.
A18: Fonte Referência | C18: 12 registros considerados corretos para validar o Estado.
A19: Respostas | C19: Conceitos solicitados e roteiro de investigação no Orange.

Sheet Base Clientes
A1: Cliente_ID | B1: Nome_Completo | C1: Documento | D1: Email | E1: Telefone | F1: Estado | G1: Cidade | H1: Data_Nascimento | I1: Idade | J1: Renda_Mensal | K1: Status | L1: Origem_Registro | M1: Flag_Duplicidade | N1: Flag_Acuracia | O1: Flag_Consistencia
A2: C0001 | B2: Ana Oliveira | C2: DOC-0001 | D2: ana.oliveira1@exemplo.com | E2: (11) 91000001 | F2: SP | G2: São Paulo | H2: 23897 | I2: 61 | J2: 1937 | K2: Ativo | L2: Loja | M2: =IF(COUNTIF($C$2:$C$106,$C2)>1,"Duplicado","Único") -> Único | N2: =IFERROR(IF($F2=_xlfn.XLOOKUP($A2,'Fonte Referência'!$A$2:$A$13,'Fonte Referência'!$C$2:$C$13),"OK","Divergente"),"Não verificado") -> Não verificado | O2: =IF(ABS($I2-DATEDIF($H2,DATE(2026,8,25),"Y"))>1,"Inconsistente","OK") -> OK
A3: C0002 | B3: Bruno Costa | C3: DOC-0002 | D3: bruno.costa2@exemplo.com | E3: (11) 91000002 | F3: RJ | G3: Rio de Janeiro | H3: 26396 | I3: 54 | J3: 2074 | K3: Ativo | L3: Indicação | M3: =IF(COUNTIF($C$2:$C$106,$C3)>1,"Duplicado","Único") -> Único | N3: =IFERROR(IF($F3=_xlfn.XLOOKUP($A3,'Fonte Referência'!$A$2:$A$13,'Fonte Referência'!$C$2:$C$13),"OK","Divergente"),"Não verificado") -> Não verificado | O3: =IF(ABS($I3-DATEDIF($H3,DATE(2026,8,25),"Y"))>1,"Inconsistente","OK") -> OK
A4: C0003 | B4: Carla Nascimento | C4: DOC-0003 | D4: carla.nascimento3@exemplo.com | E4: (11) 91000003 | F4: MG | G4: Belo Horizonte | H4: 28896 | I4: 47 | J4: 2211 | K4: Inativo | L4: Campanha | M4: =IF(COUNTIF($C$2:$C$106,$C4)>1,"Duplicado","Único") -> Único | N4: =IFERROR(IF($F4=_xlfn.XLOOKUP($A4,'Fonte Referência'!$A$2:$A$13,'Fonte Referência'!$C$2:$C$13),"OK","Divergente"),"Não verificado") -> OK | O4: =IF(ABS($I4-DATEDIF($H4,DATE(2026,8,25),"Y"))>1,"Inconsistente","OK") -> OK
A5: C0004 | B5: Diego Fernandes | C5: DOC-0004 | D5: diego.fernandes4@exemplo.com | E5: (11) 91000004 | F5: PR | G5: Curitiba | H5: 31606 | I5: 40 | J5: 2348 | K5: Prospecto | L5: Evento | M5: =IF(COUNTIF($C$2:$C$106,$C5)>1,"Duplicado","Único") -> Único | N5: =IFERROR(IF($F5=_xlfn.XLOOKUP($A5,'Fonte Referência'!$A$2:$A$13,'Fonte Referência'!$C$2:$C$13),"OK","Divergente"),"Não verificado") -> Não verificado | O5: =IF(ABS($I5-DATEDIF($H5,DATE(2026,8,25),"Y"))>1,"Inconsistente","OK") -> OK
A6: C0005 | B6: Elisa Martins | C6: DOC-0005 | D6: elisa.martins5@exemplo.com | E6: (11) 91000005 | F6: RS | G6: Porto Alegre | H6: 34105 | I6: 33 | J6: 2485 | K6: Ativo | L6: Site | M6: =IF(COUNTIF($C$2:$C$106,$C6)>1,"Duplicado","Único") -> Duplicado | N6: =IFERROR(IF($F6=_xlfn.XLOOKUP($A6,'Fonte Referência'!$A$2:$A$13,'Fonte Referência'!$C$2:$C$13),"OK","Divergente"),"Não verificado") -> Não verificado | O6: =IF(ABS($I6-DATEDIF($H6,DATE(2026,8,25),"Y"))>1,"Inconsistente","OK") -> OK
A7: C0006 | B7: Fabio Oliveira | C7: DOC-0006 | D7: fabio.oliveira6@exemplo.com | E7: (11) 91000006 | F7: SC | G7: Florianópolis | H7: 36604 | I7: 26 | J7: 2622 | K7: Ativo | L7: Loja | M7: =IF(COUNTIF($C$2:$C$106,$C7)>1,"Duplicado","Único") -> Único | N7: =IFERROR(IF($F7=_xlfn.XLOOKUP($A7,'Fonte Referência'!$A$2:$A$13,'Fonte Referência'!$C$2:$C$13),"OK","Divergente"),"Não verificado") -> Não verificado | O7: =IF(ABS($I7-DATEDIF($H7,DATE(2026,8,25),"Y"))>1,"Inconsistente","OK") -> OK
A8: C0007 | B8: Gabriela Costa | C8: DOC-0007 | D8: gabriela.costa7@exemplo.com | E8: (11) 91000007 | F8: BA | G8: Salvador | H8: 22648 | I8: 64 | J8: 2759 | K8: Ativo | L8: Indicação | M8: =IF(COUNTIF($C$2:$C$106,$C8)>1,"Duplicado","Único") -> Único | N8: =IFERROR(IF($F8=_xlfn.XLOOKUP($A8,'Fonte Referência'!$A$2:$A$13,'Fonte Referência'!$C$2:$C$13),"OK","Divergente"),"Não verificado") -> Não verificado | O8: =IF(ABS($I8-DATEDIF($H8,DATE(2026,8,25),"Y"))>1,"Inconsistente","OK") -> OK
A9: C0008 | B9: Henrique Nascimento | C9: DOC-0008 | D9: henrique.nascimento8@exemplo.com | E9: (11) 91000008 | F9: PE | G9: Recife | H9: 25359 | I9: 57 | J9: 2896 | K9: Inativo | L9: Campanha | M9: =IF(COUNTIF($C$2:$C$106,$C9)>1,"Duplicado","Único") -> Único | N9: =IFERROR(IF($F9=_xlfn.XLOOKUP($A9,'Fonte Referência'!$A$2:$A$13,'Fonte Referência'!$C$2:$C$13),"OK","Divergente"),"Não verificado") -> Não verificado | O9: =IF(ABS($I9-DATEDIF($H9,DATE(2026,8,25),"Y"))>1,"Inconsistente","OK") -> OK
A10: C0009 | B10: Isabela Fernandes | C10: DOC-0009 | D10: isabela.fernandes9@exemplo.com | E10: (11) 91000009 | F10: GO | G10: Goiânia | H10: 27858 | I10: 50 | J10: 3033 | K10: Prospecto | L10: Evento | M10: =IF(COUNTIF($C$2:$C$106,$C10)>1,"Duplicado","Único") -> Único | N10: =IFERROR(IF($F10=_xlfn.XLOOKUP($A10,'Fonte Referência'!$A$2:$A$13,'Fonte Referência'!$C$2:$C$13),"OK","Divergente"),"Não verificado") -> Não verificado | O10: =IF(ABS($I10-DATEDIF($H10,DATE(2026,8,25),"Y"))>1,"Inconsistente","OK") -> OK
A11: C0010 | B11: Joao Martins | C11: DOC-0010 | D11: joao.martins10@exemplo.com | E11: (11) 91000010 | F11: SP | G11: São Paulo | H11: 30358 | I11: 43 | J11: 3170 | K11: Ativo | L11: Site | M11: =IF(COUNTIF($C$2:$C$106,$C11)>1,"Duplicado","Único") -> Único | N11: =IFERROR(IF($F11=_xlfn.XLOOKUP($A11,'Fonte Referência'!$A$2:$A$13,'Fonte Referência'!$C$2:$C$13),"OK","Divergente"),"Não verificado") -> Divergente | O11: =IF(ABS($I11-DATEDIF($H11,DATE(2026,8,25),"Y"))>1,"Inconsistente","OK") -> OK
A12: C0011 | B12: Karen Oliveira | C12: DOC-0011 | D12: karen.oliveira11@exemplo.com | E12: (11) 91000011 | F12: SP | G12: São Paulo | H12: 33068 | I12: 36 | J12: 3307 | K12: Ativo | L12: Loja | M12: =IF(COUNTIF($C$2:$C$106,$C12)>1,"Duplicado","Único") -> Único | N12: =IFERROR(IF($F12=_xlfn.XLOOKUP($A12,'Fonte Referência'!$A$2:$A$13,'Fonte Referência'!$C$2:$C$13),"OK","Divergente"),"Não verificado") -> Não verificado | O12: =IF(ABS($I12-DATEDIF($H12,DATE(2026,8,25),"Y"))>1,"Inconsistente","OK") -> OK
A13: C0012 | B13: Lucas Costa | C13: DOC-0012 | D13: lucas.costa12@exemplo.com | E13: (11) 91000012 | F13: RJ | G13: Rio de Janeiro | H13: 35567 | I13: 29 | J13: 3444 | K13: Ativo | L13: Indicação | M13: =IF(COUNTIF($C$2:$C$106,$C13)>1,"Duplicado","Único") -> Único | N13: =IFERROR(IF($F13=_xlfn.XLOOKUP($A13,'Fonte Referência'!$A$2:$A$13,'Fonte Referência'!$C$2:$C$13),"OK","Divergente"),"Não verificado") -> Não verificado | O13: =IF(ABS($I13-DATEDIF($H13,DATE(2026,8,25),"Y"))>1,"Inconsistente","OK") -> OK
... A106: C0095 | B106: Olivia Martins | C106: DOC-0095 | D106: olivia.martins95@exemplo.com | E106: (11) 91000095 | F106: RS | G106: Porto Alegre | H106: 34156 | I106: 33 | J106: 2015 | K106: Ativo | L106: Site | M106: =IF(COUNTIF($C$2:$C$106,$C106)>1,"Duplicado","Único") -> Duplicado | N106: =IFERROR(IF($F106=_xlfn.XLOOKUP($A106,'Fonte Referência'!$A$2:$A$13,'Fonte Referência'!$C$2:$C$13),"OK","Divergente"),"Não verificado") -> Não verificado | O106: =IF(ABS($I106-DATEDIF($H106,DATE(2026,8,25),"Y"))>1,"Inconsistente","OK") -> OK

Sheet Fonte Referência
A1: Cliente_ID | B1: Nome_Completo | C1: Estado_Correto | D1: Observacao
A2: C0010 | B2: Joao Martins | C2: CE | D2: Base principal alterada intencionalmente
A3: C0023 | B3: Carla Nascimento | C3: MG | D3: Base principal alterada intencionalmente
A4: C0037 | B4: Renata Costa | C4: BA | D4: Base principal alterada intencionalmente
A5: C0052 | B5: Lucas Costa | C5: RJ | D5: Base principal alterada intencionalmente
A6: C0068 | B6: Henrique Nascimento | C6: PE | D6: Base principal alterada intencionalmente
A7: C0084 | B7: Diego Fernandes | C7: PR | D7: Base principal alterada intencionalmente
A8: C0003 | B8: Carla Nascimento | C8: MG | D8: Registro de controle
A9: C0014 | B9: Nicolas Fernandes | C9: PR | D9: Registro de controle
A10: C0041 | B10: Ana Oliveira | C10: SP | D10: Registro de controle
A11: C0059 | B11: Tatiana Fernandes | C11: GO | D11: Registro de controle
A12: C0076 | B12: Paulo Oliveira | C12: SC | D12: Registro de controle
A13: C0092 | B13: Lucas Costa | C13: RJ | D13: Registro de controle

Sheet Respostas
A1: RESPOSTAS
A2: a) Um valor pode ser válido e ainda assim estar errado? | B2: Sim. Por exemplo, “SP” é um Estado válido, mas está errado para um cliente cuja fonte correta informa “RJ”. O formato e o domínio são válidos, porém o valor não representa a realidade.
A3: b) O que é uma duplicidade? | B3: É a repetição indevida do mesmo registro ou da mesma entidade na base. Pode ser uma cópia exata ou uma repetição com pequenas diferenças em campos secundários.
A4: c) O que significa dizer que dois dados são inconsistentes? | B4: Significa que os valores não podem ser verdadeiros ao mesmo tempo segundo uma regra lógica. Exemplo: idade de 20 anos com data de nascimento em 1980 na data de corte de 2026.
A5: d) Diferença entre validade e acurácia | B5: Validade verifica se o dado respeita formato, tipo, faixa ou domínio permitido. Acurácia verifica se o dado corresponde ao fato real ou a uma fonte confiável.
A7: ROTEIRO NO ORANGE
A8: 1 | B8: Exporte a planilha Base Clientes como CSV UTF-8 ou abra o arquivo Excel pelo widget File.
A9: 2 | B9: Use Data Table e Feature Statistics para revisar tipos, distribuições e valores incomuns.
A10: 3 | B10: Filtre Flag_Duplicidade = Duplicado e compare Cliente_ID e Documento.
A11: 4 | B11: Filtre Flag_Acuracia = Divergente e confronte o Estado com a Fonte Referência.
A12: 5 | B12: Filtre Flag_Consistencia = Inconsistente e compare Idade com Data_Nascimento.
